{
  "legacy": {
    "ownershipPct": 3.181818181818182,
    "larryInvestment": 50000
  },
  "mcneil": {
    "ownershipPct": 2.592592592592592,
    "larryInvestment": 50000
  }
}
